INSERT INTO InfoUsuario (cpf,cidade,bairro,rua,celular)VALUES('70866037080','saojoao','fsdfsdfsfatheus',"rewrw",99832710);
INSERT INTO InfoUsuario (cpf,cidade,bairro,rua,celular)VALUES('59329309003','saojoao','fsdfsdfsfatheus',"rewrw",99832710);
INSERT INTO InfoUsuario (cpf,cidade,bairro,rua,celular)VALUES('37554935003','saojoao','fsdfsdfsfatheus',"rewrw",99832710);
INSERT INTO InfoUsuario (cpf,cidade,bairro,rua,celular)VALUES('98510021007','saojoao','fsdfsdfsfatheus',"rewrw",99832710);
INSERT INTO InfoUsuario (cpf,cidade,bairro,rua,celular)VALUES('82302328060','saojoao','fsdfsdfsfatheus',"rewrw",99832710);
#----------------------------------------------usuario GERENTE abaixo------------------------------------------------------
INSERT INTO InfoUsuario (cpf,cidade,bairro,rua,celular)VALUES('17207482094','caico','fsdfsdfsfatheus',"rewrw",99832710);
INSERT INTO InfoUsuario (cpf,cidade,bairro,rua,celular)VALUES('86560547086','caico','fsdfsdfsfatheus',"rewrw",99832710);
INSERT INTO InfoUsuario (cpf,cidade,bairro,rua,celular)VALUES('28392143000','caico','fsdfsdfsfatheus',"rewrw",99832710);
INSERT INTO InfoUsuario (cpf,cidade,bairro,rua,celular)VALUES('94200409097','caico','fsdfsdfsfatheus',"rewrw",99832710);
INSERT INTO InfoUsuario (cpf,cidade,bairro,rua,celular)VALUES('08316838052','caico','fsdfsdfsfatheus',"rewrw",99832710);
#----------------------------------------------usuario FUNCIONARIO abaixo------------------------------------------------------
INSERT INTO InfoUsuario (cpf,cidade,bairro,rua,celular)VALUES('59635121075','saojoao','fsdfsdfsfatheus',"rewrw",99832710);
INSERT INTO InfoUsuario (cpf,cidade,bairro,rua,celular)VALUES('69087579004','saojoao','fsdfsdfsfatheus',"rewrw",99832710);
INSERT INTO InfoUsuario (cpf,cidade,bairro,rua,celular)VALUES('60205634052','saojoao','fsdfsdfsfatheus',"rewrw",99832710);
INSERT INTO InfoUsuario (cpf,cidade,bairro,rua,celular)VALUES('25435549043','saojoao','fsdfsdfsfatheus',"rewrw",99832710);
INSERT INTO InfoUsuario (cpf,cidade,bairro,rua,celular)VALUES('88281851040','saojoao','fsdfsdfsfatheus',"rewrw",99832710);
#----------------------------------------------usuario FORNECEDOR abaixo------------------------------------------------------
INSERT INTO InfoUsuario (cpf,cidade,bairro,rua,celular)VALUES('1111111111','saojoao','fsdfsdfsfatheus',"rewrw",99832710);
INSERT INTO InfoUsuario (cpf,cidade,bairro,rua,celular)VALUES('1111111112','saojoao','fsdfsdfsfatheus',"rewrw",99832710);
INSERT INTO InfoUsuario (cpf,cidade,bairro,rua,celular)VALUES('1111111113','saojoao','fsdfsdfsfatheus',"rewrw",99832710);
INSERT INTO InfoUsuario (cpf,cidade,bairro,rua,celular)VALUES('1111111114','saojoao','fsdfsdfsfatheus',"rewrw",99832710);
INSERT INTO InfoUsuario (cpf,cidade,bairro,rua,celular)VALUES('1111111115','saojoao','fsdfsdfsfatheus',"rewrw",99832710);
# Adicionando mais InfoUsuario para não dar erro em insert de gerente
INSERT INTO InfoUsuario (cpf,cidade,bairro,rua,celular) VALUES ('44020989044','caico','fsdfsdfsfatheus',"rewrw",99832710);
INSERT INTO InfoUsuario (cpf,cidade,bairro,rua,celular) VALUES ('74993374054','caico','fsdfsdfsfatheus',"rewrw",99832710);
INSERT INTO InfoUsuario (cpf,cidade,bairro,rua,celular) VALUES ('52071825012','caico','fsdfsdfsfatheus',"rewrw",99832710);
INSERT INTO InfoUsuario (cpf,cidade,bairro,rua,celular) VALUES ('88732072007','caico','fsdfsdfsfatheus',"rewrw",99832710);
INSERT INTO InfoUsuario (cpf,cidade,bairro,rua,celular) VALUES ('49621971004','caico','fsdfsdfsfatheus',"rewrw",99832710);
INSERT INTO InfoUsuario (cpf,cidade,bairro,rua,celular) VALUES ('58691523050','caico','fsdfsdfsfatheus',"rewrw",99832710);
INSERT INTO InfoUsuario (cpf,cidade,bairro,rua,celular) VALUES ('61780022034','caico','fsdfsdfsfatheus',"rewrw",99832710);
INSERT INTO InfoUsuario (cpf,cidade,bairro,rua,celular) VALUES ('08337980060','caico','fsdfsdfsfatheus',"rewrw",99832710);
INSERT INTO InfoUsuario (cpf,cidade,bairro,rua,celular) VALUES ('17904028085','caico','fsdfsdfsfatheus',"rewrw",99832710);
INSERT INTO InfoUsuario (cpf,cidade,bairro,rua,celular) VALUES ('65307871007','caico','fsdfsdfsfatheus',"rewrw",99832710);
# Adicionando mais InfoUsuario para não dar erro em insert de cliente
INSERT INTO InfoUsuario (cpf,cidade,bairro,rua,celular) VALUES ('48171795030','caico','fsdfsdfsfatheus',"rewrw",99832710);
INSERT INTO InfoUsuario (cpf,cidade,bairro,rua,celular) VALUES ('43506429000','caico','fsdfsdfsfatheus',"rewrw",99832710);
INSERT INTO InfoUsuario (cpf,cidade,bairro,rua,celular) VALUES ('15231619060','caico','fsdfsdfsfatheus',"rewrw",99832710);
INSERT INTO InfoUsuario (cpf,cidade,bairro,rua,celular) VALUES ('74010077034','caico','fsdfsdfsfatheus',"rewrw",99832710);
INSERT INTO InfoUsuario (cpf,cidade,bairro,rua,celular) VALUES ('31889966088','caico','fsdfsdfsfatheus',"rewrw",99832710);
INSERT INTO InfoUsuario (cpf,cidade,bairro,rua,celular) VALUES ('60430383070','caico','fsdfsdfsfatheus',"rewrw",99832710);
INSERT INTO InfoUsuario (cpf,cidade,bairro,rua,celular) VALUES ('92266592068','caico','fsdfsdfsfatheus',"rewrw",99832710);
INSERT INTO InfoUsuario (cpf,cidade,bairro,rua,celular) VALUES ('62288393068','caico','fsdfsdfsfatheus',"rewrw",99832710);
INSERT INTO InfoUsuario (cpf,cidade,bairro,rua,celular) VALUES ('58698089011','caico','fsdfsdfsfatheus',"rewrw",99832710);
INSERT INTO InfoUsuario (cpf,cidade,bairro,rua,celular) VALUES ('92727759061','caico','fsdfsdfsfatheus',"rewrw",99832710);
# Adicionando mais InfoUsuario para não dar erro em insert de funcionario
INSERT INTO InfoUsuario (cpf,cidade,bairro,rua,celular) VALUES ('80937404063','saojoao','fsdfsdfsfatheus',"rewrw",99832710);
INSERT INTO InfoUsuario (cpf,cidade,bairro,rua,celular) VALUES ('57655366039','saojoao','fsdfsdfsfatheus',"rewrw",99832710);
INSERT INTO InfoUsuario (cpf,cidade,bairro,rua,celular) VALUES ('94669137000','saojoao','fsdfsdfsfatheus',"rewrw",99832710);
INSERT INTO InfoUsuario (cpf,cidade,bairro,rua,celular) VALUES ('54441345003','saojoao','fsdfsdfsfatheus',"rewrw",99832710);
INSERT INTO InfoUsuario (cpf,cidade,bairro,rua,celular) VALUES ('43438518007','saojoao','fsdfsdfsfatheus',"rewrw",99832710);
INSERT INTO InfoUsuario (cpf,cidade,bairro,rua,celular) VALUES ('64052763092','saojoao','fsdfsdfsfatheus',"rewrw",99832710);
INSERT INTO InfoUsuario (cpf,cidade,bairro,rua,celular) VALUES ('11400242053','saojoao','fsdfsdfsfatheus',"rewrw",99832710);
INSERT INTO InfoUsuario (cpf,cidade,bairro,rua,celular) VALUES ('00911240004','saojoao','fsdfsdfsfatheus',"rewrw",99832710);
INSERT INTO InfoUsuario (cpf,cidade,bairro,rua,celular) VALUES ('03342277041','saojoao','fsdfsdfsfatheus',"rewrw",99832710);
INSERT INTO InfoUsuario (cpf,cidade,bairro,rua,celular) VALUES ('89114682079','saojoao','fsdfsdfsfatheus',"rewrw",99832710);


# Povoamento da tabela Cliente
INSERT INTO Cliente(id_cliente, nome, cpf) VALUES (1, 'Fulano Pereira', '70866037080');
INSERT INTO Cliente(id_cliente, nome, cpf) VALUES (2, 'Sicrano Pereira', '59329309003');
INSERT INTO Cliente(id_cliente, nome, cpf) VALUES (3, 'Beltrano Pereira', '37554935003');
INSERT INTO Cliente(id_cliente, nome, cpf) VALUES (4, 'João Pereira', '98510021007');
INSERT INTO Cliente(id_cliente, nome, cpf) VALUES (5, 'Maria Pereira', '82302328060');
INSERT INTO Cliente(id_cliente, nome, cpf) VALUES (6, 'Rômulo Pereira', '48171795030');
INSERT INTO Cliente(id_cliente, nome, cpf) VALUES (7, 'Lucas Pereira', '43506429000');
INSERT INTO Cliente(id_cliente, nome, cpf) VALUES (8, 'Leonardo Pereira', '15231619060');
INSERT INTO Cliente(id_cliente, nome, cpf) VALUES (9, 'Gioseppe Pereira', '74010077034');
INSERT INTO Cliente(id_cliente, nome, cpf) VALUES (10, 'Marcos Pereira', '31889966088');
INSERT INTO Cliente(id_cliente, nome, cpf) VALUES (11, 'Alexandre Pereira', '60430383070');
INSERT INTO Cliente(id_cliente, nome, cpf) VALUES (12, 'Carlos Pereira', '92266592068');
INSERT INTO Cliente(id_cliente, nome, cpf) VALUES (13, 'Evandro Pereira', '62288393068');
INSERT INTO Cliente(id_cliente, nome, cpf) VALUES (14, 'Roberto Pereira', '58698089011');
INSERT INTO Cliente(id_cliente, nome, cpf) VALUES (15, 'Raíssa Pereira', '92727759061');

# Povoamento da tabela Gerente
INSERT INTO Gerente(id_gerente, nome, cpf) VALUES (1, 'Ronaldo Nazário', '17207482094');
INSERT INTO Gerente(id_gerente, nome, cpf) VALUES (2, 'Roberto Nazário', '86560547086');
INSERT INTO Gerente(id_gerente, nome, cpf) VALUES (3, 'Rômulo Nazário', '28392143000');
INSERT INTO Gerente(id_gerente, nome, cpf) VALUES (4, 'Rodrigo Nazário', '94200409097');
INSERT INTO Gerente(id_gerente, nome, cpf) VALUES (5, 'Roberval Nazário', '08316838052');
INSERT INTO Gerente(id_gerente, nome, cpf) VALUES (6, 'Larissa Nazário', '44020989044');
INSERT INTO Gerente(id_gerente, nome, cpf) VALUES (7, 'Raissa Nazário', '74993374054');
INSERT INTO Gerente(id_gerente, nome, cpf) VALUES (8, 'Letícia Nazário', '52071825012');
INSERT INTO Gerente(id_gerente, nome, cpf) VALUES (9, 'Maria Nazário', '88732072007');
INSERT INTO Gerente(id_gerente, nome, cpf) VALUES (10, 'Joana Nazário', '49621971004');
INSERT INTO Gerente(id_gerente, nome, cpf) VALUES (11, 'Pedro Nazário', '58691523050');
INSERT INTO Gerente(id_gerente, nome, cpf) VALUES (12, 'João Nazário', '61780022034');
INSERT INTO Gerente(id_gerente, nome, cpf) VALUES (13, 'José Nazário', '08337980060');
INSERT INTO Gerente(id_gerente, nome, cpf) VALUES (14, 'Jair Nazário', '17904028085');
INSERT INTO Gerente(id_gerente, nome, cpf) VALUES (15, 'Joaquim Nazário', '65307871007');

# Povoamento da tabela Fornecedor
INSERT INTO Fornecedor(cnpj,cpf,nome) VALUES ('30090201000198', '11111111111','Papelaria X');
INSERT INTO Fornecedor(cnpj,cpf,nome) VALUES ('43522144000110', '11111111112', 'Moda Tecidos');
INSERT INTO Fornecedor(cnpj,cpf,nome) VALUES ('09969062000180', '11111111113', 'Fulano Roupas');
INSERT INTO Fornecedor(cnpj,cpf,nome) VALUES ('51907577000112', '11111111114', 'Y Calçados');
INSERT INTO Fornecedor(cnpj,cpf,nome) VALUES ('76606876000148', '11111111115', 'ABC Bonés');
INSERT INTO Fornecedor(cnpj,cpf,nome) VALUES ('80336058000140', '11111111116','Roupas X');
INSERT INTO Fornecedor(cnpj,cpf,nome) VALUES ('36043565000101', '11111111117', 'J Shorts');
INSERT INTO Fornecedor(cnpj,cpf,nome) VALUES ('09877470000102', '11111111118', 'Fulano Malhas');
INSERT INTO Fornecedor(cnpj,cpf,nome) VALUES ('07730552000102', '11111111119', 'Y Tecidos');
INSERT INTO Fornecedor(cnpj,cpf,nome) VALUES ('25356365000184', '11111111110', 'ABC Unhas');
INSERT INTO Fornecedor(cnpj,cpf,nome) VALUES ('76087219000131', '11111111120','Acessórios Novos');
INSERT INTO Fornecedor(cnpj,cpf,nome) VALUES ('79861089000130', '11111111122', 'Moda Casual');
INSERT INTO Fornecedor(cnpj,cpf,nome) VALUES ('38090368000160', '11111111123', 'Fulano Nova Moda');
INSERT INTO Fornecedor(cnpj,cpf,nome) VALUES ('22971415000145', '11111111124', 'Y Pulseiras');
INSERT INTO Fornecedor(cnpj,cpf,nome) VALUES ('40449582000102', '11111111125', 'ABC Relógios');

# Povoamento da tabela Funcionario
INSERT INTO Funcionario(id_funcionario, nome, cpf) VALUES (1, 'Luiz Medeiros', '59635121075');
INSERT INTO Funcionario(id_funcionario, nome, cpf) VALUES (2, 'Maria Medeiros', '69087579004');
INSERT INTO Funcionario(id_funcionario, nome, cpf) VALUES (3, 'Larissa Medeiros', '60205634052');
INSERT INTO Funcionario(id_funcionario, nome, cpf) VALUES (4, 'Lucas Medeiros', '25435549043');
INSERT INTO Funcionario(id_funcionario, nome, cpf) VALUES (5, 'Pedro Medeiros', '88281851040');
INSERT INTO Funcionario(id_funcionario, nome, cpf) VALUES (6, 'José Medeiros', '80937404063');
INSERT INTO Funcionario(id_funcionario, nome, cpf) VALUES (7, 'Joaquim Medeiros', '57655366039');
INSERT INTO Funcionario(id_funcionario, nome, cpf) VALUES (8, 'João Medeiros', '94669137000');
INSERT INTO Funcionario(id_funcionario, nome, cpf) VALUES (9, 'Patrícia Medeiros', '54441345003');
INSERT INTO Funcionario(id_funcionario, nome, cpf) VALUES (10, 'Arthur Medeiros', '43438518007');
INSERT INTO Funcionario(id_funcionario, nome, cpf) VALUES (11, 'Aline Medeiros', '64052763092');
INSERT INTO Funcionario(id_funcionario, nome, cpf) VALUES (12, 'Aldair Medeiros', '11400242053');
INSERT INTO Funcionario(id_funcionario, nome, cpf) VALUES (13, 'Luan Medeiros', '00911240004');
INSERT INTO Funcionario(id_funcionario, nome, cpf) VALUES (14, 'Matheus Medeiros', '03342277041');
INSERT INTO Funcionario(id_funcionario, nome, cpf) VALUES (15, 'Mathias Medeiros', '89114682079');

# Povoamento da tabela Produto
INSERT INTO Produto(id_item, nome, genero, tamanho, preco,cnpj_fornecedor) VALUES (1, 'Blusa X', 'F','gg', 21,'30090201000198');
INSERT INTO Produto(id_item, nome, genero, tamanho, preco,cnpj_fornecedor) VALUES (2, 'Calça Y', 'M','eg',22,'43522144000110');
INSERT INTO Produto(id_item, nome, genero, tamanho, preco,cnpj_fornecedor) VALUES (3, 'Camisa Z', 'F','g', 23,'09969062000180');
INSERT INTO Produto(id_item, nome, genero, tamanho, preco,cnpj_fornecedor) VALUES (4, 'Short A', 'F','p',24,'51907577000112');
INSERT INTO Produto(id_item, nome, genero, tamanho, preco,cnpj_fornecedor) VALUES (5, 'Calção B', 'M','m',25,'76606876000148');
INSERT INTO Produto(id_item, nome, genero, tamanho, preco,cnpj_fornecedor) VALUES (6, 'Blusa XX', 'F','gg', 21,'30090201000198');
INSERT INTO Produto(id_item, nome, genero, tamanho, preco,cnpj_fornecedor) VALUES (7, 'Calça YY', 'M','eg',22,'43522144000110');
INSERT INTO Produto(id_item, nome, genero, tamanho, preco,cnpj_fornecedor) VALUES (8, 'Camisa ZZ', 'F','g', 23,'09969062000180');
INSERT INTO Produto(id_item, nome, genero, tamanho, preco,cnpj_fornecedor) VALUES (9, 'Short AA', 'F','p',24,'51907577000112');
INSERT INTO Produto(id_item, nome, genero, tamanho, preco,cnpj_fornecedor) VALUES (10, 'Calção BB', 'M','m',25,'76606876000148');
INSERT INTO Produto(id_item, nome, genero, tamanho, preco,cnpj_fornecedor) VALUES (11, 'Blusa XX', 'F','gg', 21,'30090201000198');
INSERT INTO Produto(id_item, nome, genero, tamanho, preco,cnpj_fornecedor) VALUES (12, 'Calça YY', 'M','eg',22,'43522144000110');
INSERT INTO Produto(id_item, nome, genero, tamanho, preco,cnpj_fornecedor) VALUES (13, 'Camisa ZZ', 'F','g', 23,'09969062000180');
INSERT INTO Produto(id_item, nome, genero, tamanho, preco,cnpj_fornecedor) VALUES (14, 'Short AA', 'F','p',24,'51907577000112');
INSERT INTO Produto(id_item, nome, genero, tamanho, preco,cnpj_fornecedor) VALUES (15, 'Calção BB', 'M','m',25,'76606876000148');

# Povoamento da tabela Loja
INSERT INTO Loja(cnpj, nome) VALUES ('97743249000129', 'Waypoint Moda System Center');
INSERT INTO Loja(cnpj, nome) VALUES ('43291642000108', 'Waypoint Moda System South');
INSERT INTO Loja(cnpj, nome) VALUES ('91187394000194', 'Waypoint Moda System North');
INSERT INTO Loja(cnpj, nome) VALUES ('81289276000133', 'Waypoint Moda System East');
INSERT INTO Loja(cnpj, nome) VALUES ('28662340000105', 'Waypoint Moda System West');
INSERT INTO Loja(cnpj, nome) VALUES ('74942156000128', 'Waypoint Moda System Center II');
INSERT INTO Loja(cnpj, nome) VALUES ('00036660000122', 'Waypoint Moda System South II');
INSERT INTO Loja(cnpj, nome) VALUES ('35265993000108', 'Waypoint Moda System North II');
INSERT INTO Loja(cnpj, nome) VALUES ('74895073000125', 'Waypoint Moda System East II');
INSERT INTO Loja(cnpj, nome) VALUES ('69881410000195', 'Waypoint Moda System West II');
INSERT INTO Loja(cnpj, nome) VALUES ('29992217000107', 'Waypoint Moda System Center III');
INSERT INTO Loja(cnpj, nome) VALUES ('23897357000110', 'Waypoint Moda System South III');
INSERT INTO Loja(cnpj, nome) VALUES ('64903687000158', 'Waypoint Moda System North III');
INSERT INTO Loja(cnpj, nome) VALUES ('52444348000171', 'Waypoint Moda System East III');
INSERT INTO Loja(cnpj, nome) VALUES ('98046776000147', 'Waypoint Moda System West III');

# Povoamento da tabela Estoque
INSERT INTO Estoque(id, local, cnpj, id_item, descricao, data_abastecimento) VALUES (231, 'Parelhas', '97743249000129', 1, 'Blusas Femininas P', '2019-02-26');
INSERT INTO Estoque(id, local, cnpj, id_item, descricao, data_abastecimento) VALUES (232, 'Caicó', '43291642000108', 2, 'Blusas Femininas M', '2019-02-26');
INSERT INTO Estoque(id, local, cnpj, id_item, descricao, data_abastecimento) VALUES (233, 'Açu', '91187394000194', 3, 'Blusas Femininas G', '2019-02-26');
INSERT INTO Estoque(id, local, cnpj, id_item, descricao, data_abastecimento) VALUES (234, 'Natal', '81289276000133', 4, 'Blusas Femininas GG', '2019-02-26');
INSERT INTO Estoque(id, local, cnpj, id_item, descricao, data_abastecimento) VALUES (235, 'Parelhas', '28662340000105', 5, 'Blusas Femininas XG', '2019-02-26');
INSERT INTO Estoque(id, local, cnpj, id_item, descricao, data_abastecimento) VALUES (236, 'Parelhas', '97743249000129', 1, 'Calças Femininas P', '2019-02-26');
INSERT INTO Estoque(id, local, cnpj, id_item, descricao, data_abastecimento) VALUES (237, 'Caicó', '43291642000108', 2, 'Calças Femininas M', '2019-02-26');
INSERT INTO Estoque(id, local, cnpj, id_item, descricao, data_abastecimento) VALUES (238, 'Açu', '91187394000194', 3, 'Calças Femininas G', '2019-02-26');
INSERT INTO Estoque(id, local, cnpj, id_item, descricao, data_abastecimento) VALUES (239, 'Natal', '81289276000133', 4, 'Calças Femininas GG', '2019-02-26');
INSERT INTO Estoque(id, local, cnpj, id_item, descricao, data_abastecimento) VALUES (240, 'Parelhas', '28662340000105', 5, 'Calças Femininas XG', '2019-02-26');
INSERT INTO Estoque(id, local, cnpj, id_item, descricao, data_abastecimento) VALUES (241, 'Parelhas', '97743249000129', 1, 'Blusas Masculinas P', '2019-02-26');
INSERT INTO Estoque(id, local, cnpj, id_item, descricao, data_abastecimento) VALUES (242, 'Caicó', '43291642000108', 2, 'Blusas Masculinas M', '2019-02-26');
INSERT INTO Estoque(id, local, cnpj, id_item, descricao, data_abastecimento) VALUES (243, 'Açu', '91187394000194', 3, 'Blusas Masculinas G', '2019-02-26');
INSERT INTO Estoque(id, local, cnpj, id_item, descricao, data_abastecimento) VALUES (244, 'Natal', '81289276000133', 4, 'Blusas Masculinas GG', '2019-02-26');
INSERT INTO Estoque(id, local, cnpj, id_item, descricao, data_abastecimento) VALUES (245, 'Parelhas', '28662340000105', 5, 'Blusas Masculinas XG', '2019-02-26');

# Povoamento da tabela Sugestao
INSERT INTO Sugestao(id_protocolo, id_cliente, email) VALUES (222, '1', 'fulano@gmail.com');
INSERT INTO Sugestao(id_protocolo, id_cliente, email) VALUES (223, '2', 'fulano1@gmail.com');
INSERT INTO Sugestao(id_protocolo, id_cliente, email) VALUES (224, '3', 'fulano2@gmail.com');
INSERT INTO Sugestao(id_protocolo, id_cliente, email) VALUES (225, '4', 'fulano3@gmail.com');
INSERT INTO Sugestao(id_protocolo, id_cliente, email) VALUES (226, '5', 'fulano4@gmail.com');
INSERT INTO Sugestao(id_protocolo, id_cliente, email) VALUES (227, '6', 'fulano5@gmail.com');
INSERT INTO Sugestao(id_protocolo, id_cliente, email) VALUES (228, '7', 'fulano6@gmail.com');
INSERT INTO Sugestao(id_protocolo, id_cliente, email) VALUES (229, '8', 'fulano7@gmail.com');
INSERT INTO Sugestao(id_protocolo, id_cliente, email) VALUES (230, '9', 'fulano8@gmail.com');
INSERT INTO Sugestao(id_protocolo, id_cliente, email) VALUES (231, '10', 'fulano9@gmail.com');
INSERT INTO Sugestao(id_protocolo, id_cliente, email) VALUES (232, '11', 'fulano10@gmail.com');
INSERT INTO Sugestao(id_protocolo, id_cliente, email) VALUES (233, '12', 'fulano11@gmail.com');
INSERT INTO Sugestao(id_protocolo, id_cliente, email) VALUES (234, '13', 'fulano12@gmail.com');
INSERT INTO Sugestao(id_protocolo, id_cliente, email) VALUES (235, '14', 'fulano13@gmail.com');
INSERT INTO Sugestao(id_protocolo, id_cliente, email) VALUES (236, '15', 'fulano14@gmail.com');

# Povoamento da tabela Notafiscal
INSERT INTO Notafiscal(id, id_item, quantidade, id_Funcionario) VALUES (1, 1, 10, 1);
INSERT INTO Notafiscal(id, id_item, quantidade, id_Funcionario) VALUES (2, 2, 20, 2);
INSERT INTO Notafiscal(id, id_item, quantidade, id_Funcionario) VALUES (3, 3, 30, 3);
INSERT INTO Notafiscal(id, id_item, quantidade, id_Funcionario) VALUES (4, 4, 40, 4);
INSERT INTO Notafiscal(id, id_item, quantidade, id_Funcionario) VALUES (5, 5, 50, 5);
INSERT INTO Notafiscal(id, id_item, quantidade, id_Funcionario) VALUES (6, 6, 10, 1);
INSERT INTO Notafiscal(id, id_item, quantidade, id_Funcionario) VALUES (7, 7, 20, 2);
INSERT INTO Notafiscal(id, id_item, quantidade, id_Funcionario) VALUES (8, 8, 30, 3);
INSERT INTO Notafiscal(id, id_item, quantidade, id_Funcionario) VALUES (9, 9, 40, 4);
INSERT INTO Notafiscal(id, id_item, quantidade, id_Funcionario) VALUES (10, 10, 50, 5);
INSERT INTO Notafiscal(id, id_item, quantidade, id_Funcionario) VALUES (11, 11, 10, 1);
INSERT INTO Notafiscal(id, id_item, quantidade, id_Funcionario) VALUES (12, 12, 20, 2);
INSERT INTO Notafiscal(id, id_item, quantidade, id_Funcionario) VALUES (13, 13, 30, 3);
INSERT INTO Notafiscal(id, id_item, quantidade, id_Funcionario) VALUES (14, 14, 40, 4);
INSERT INTO Notafiscal(id, id_item, quantidade, id_Funcionario) VALUES (15, 15, 50, 5);

# Povoamento da tabela Pedido
INSERT INTO Pedido(id_pedido, id_cliente, id_item, quantidade, data_pedido, preco) VALUES (1, 1, 1, 10, '2019-11-28', 100);
INSERT INTO Pedido(id_pedido, id_cliente, id_item, quantidade, data_pedido, preco) VALUES (2, 2, 2, 20, '2019-11-28', 200);
INSERT INTO Pedido(id_pedido, id_cliente, id_item, quantidade, data_pedido, preco) VALUES (3, 3, 3, 30, '2019-11-28', 300);
INSERT INTO Pedido(id_pedido, id_cliente, id_item, quantidade, data_pedido, preco) VALUES (4, 4, 4, 40, '2019-11-28', 400);
INSERT INTO Pedido(id_pedido, id_cliente, id_item, quantidade, data_pedido, preco) VALUES (5, 5, 5, 50, '2019-11-28', 500);
INSERT INTO Pedido(id_pedido, id_cliente, id_item, quantidade, data_pedido, preco) VALUES (6, 6, 6, 10, '2019-11-28', 100);
INSERT INTO Pedido(id_pedido, id_cliente, id_item, quantidade, data_pedido, preco) VALUES (7, 7, 7, 20, '2019-11-28', 200);
INSERT INTO Pedido(id_pedido, id_cliente, id_item, quantidade, data_pedido, preco) VALUES (8, 8, 8, 30, '2019-11-28', 300);
INSERT INTO Pedido(id_pedido, id_cliente, id_item, quantidade, data_pedido, preco) VALUES (9, 9, 9, 40, '2019-11-28', 400);
INSERT INTO Pedido(id_pedido, id_cliente, id_item, quantidade, data_pedido, preco) VALUES (10, 10, 10, 50, '2019-11-28', 500);
INSERT INTO Pedido(id_pedido, id_cliente, id_item, quantidade, data_pedido, preco) VALUES (11, 11, 11, 10, '2019-11-28', 100);
INSERT INTO Pedido(id_pedido, id_cliente, id_item, quantidade, data_pedido, preco) VALUES (12, 12, 12, 20, '2019-11-28', 200);
INSERT INTO Pedido(id_pedido, id_cliente, id_item, quantidade, data_pedido, preco) VALUES (13, 13, 13, 30, '2019-11-28', 300);
INSERT INTO Pedido(id_pedido, id_cliente, id_item, quantidade, data_pedido, preco) VALUES (14, 14, 14, 40, '2019-11-28', 400);
INSERT INTO Pedido(id_pedido, id_cliente, id_item, quantidade, data_pedido, preco) VALUES (15, 15, 15, 50, '2019-11-28', 500);

# Povoamento da tabela ListaDeVendas
INSERT INTO ListaDeVendas(c_idgerada, id_pedido, hora, status) VALUES (1, 1, '09:10:23', 'Finalizado');
INSERT INTO ListaDeVendas(c_idgerada, id_pedido, hora, status) VALUES (2, 2, '09:10:24', 'Finalizado');
INSERT INTO ListaDeVendas(c_idgerada, id_pedido, hora, status) VALUES (3, 3, '09:10:25', 'Finalizado');
INSERT INTO ListaDeVendas(c_idgerada, id_pedido, hora, status) VALUES (4, 4, '09:10:26', 'Finalizado');
INSERT INTO ListaDeVendas(c_idgerada, id_pedido, hora, status) VALUES (5, 5, '09:10:27', 'Em aberto');
INSERT INTO ListaDeVendas(c_idgerada, id_pedido, hora, status) VALUES (6, 6, '09:11:23', 'Finalizado');
INSERT INTO ListaDeVendas(c_idgerada, id_pedido, hora, status) VALUES (7, 7, '09:11:24', 'Em aberto');
INSERT INTO ListaDeVendas(c_idgerada, id_pedido, hora, status) VALUES (8, 8, '09:11:25', 'Finalizado');
INSERT INTO ListaDeVendas(c_idgerada, id_pedido, hora, status) VALUES (9, 9, '09:11:26', 'Em aberto');
INSERT INTO ListaDeVendas(c_idgerada, id_pedido, hora, status) VALUES (10, 10, '09:12:23', 'Em aberto');
INSERT INTO ListaDeVendas(c_idgerada, id_pedido, hora, status) VALUES (11, 11, '09:12:24', 'Em aberto');
INSERT INTO ListaDeVendas(c_idgerada, id_pedido, hora, status) VALUES (12, 12, '09:12:25', 'Finalizado');
INSERT INTO ListaDeVendas(c_idgerada, id_pedido, hora, status) VALUES (13, 13, '09:12:26', 'Em aberto');
INSERT INTO ListaDeVendas(c_idgerada, id_pedido, hora, status) VALUES (14, 14, '09:12:27', 'Em aberto');
INSERT INTO ListaDeVendas(c_idgerada, id_pedido, hora, status) VALUES (15, 15, '09:12:28', 'Em aberto');

#----------------------------------------------CONSULTAS-------------------------------------------------------
#mostrar tabelas e consultas
#mostra todos os atributos que empregados tem cadastrados
select * from InfoUsuario;
select * from Cliente;
select * from Gerente;
select * from Loja;
#-----------------pra tras ja preencheu
select * from Fornecedor;
select * from Funcionario;
select * from Produto;
select * from Pedido;
select * from Estoque;
select * from Sugestao;
select * from Notafiscal;
select * From ListaDeVendas;


